<cacti>	
	<hash_04001696962f601f431a22a513307bf76b70e1>
		<name>W32 - Memory Statistics</name>
		<description>Query Memory Statistics</description>
		<xml_path>&lt;path_cacti&gt;/resource/snmp_queries/snmp_informant_memory.xml</xml_path>
		<data_input_id>hash_030016bf566c869ac6443b0c75d1c32b5a350e</data_input_id>
		<graphs>
			<hash_11001627216b45c81063ab9a0ed08048319f25>
				<name>W32 - Memory Statistics (Usage)</name>
				<graph_template_id>hash_000016a685715cc39ded4bd336f8329f6970d5</graph_template_id>
				<rrd>
					<item_000>
						<snmp_field_name>sinfMemComBytes</snmp_field_name>
						<data_template_id>hash_010016c719e58e1f9eb4dde11f86ed92594a74</data_template_id>
						<data_template_rrd_id>hash_0800168fdba7964ba977410e5c7d21ee89dc7b</data_template_rrd_id>
					</item_000>
					<item_001>
						<snmp_field_name>sinfMemPNonpagedByt</snmp_field_name>
						<data_template_id>hash_010016c719e58e1f9eb4dde11f86ed92594a74</data_template_id>
						<data_template_rrd_id>hash_08001662724f2664e60e1d005032f5f0935f03</data_template_rrd_id>
					</item_001>
					<item_002>
						<snmp_field_name>sinfMemAvailBytes</snmp_field_name>
						<data_template_id>hash_010016c719e58e1f9eb4dde11f86ed92594a74</data_template_id>
						<data_template_rrd_id>hash_080016c483352c1e20ef5a776706e1219d5e98</data_template_rrd_id>
					</item_002>
					<item_003>
						<snmp_field_name>sinfMemPPagedBytes</snmp_field_name>
						<data_template_id>hash_010016c719e58e1f9eb4dde11f86ed92594a74</data_template_id>
						<data_template_rrd_id>hash_0800167a79e078d7ada819ba31a38c7c5a9494</data_template_rrd_id>
					</item_003>
					<item_004>
						<snmp_field_name>sinfMemPPagedResByt</snmp_field_name>
						<data_template_id>hash_010016c719e58e1f9eb4dde11f86ed92594a74</data_template_id>
						<data_template_rrd_id>hash_08001650bccc8795800bc150734c5d339ab5bc</data_template_rrd_id>
					</item_004>
					<item_005>
						<snmp_field_name>sinfMemSysCodeResB</snmp_field_name>
						<data_template_id>hash_010016c719e58e1f9eb4dde11f86ed92594a74</data_template_id>
						<data_template_rrd_id>hash_080016339309d060537591976905907ac2174a</data_template_rrd_id>
					</item_005>
					<item_006>
						<snmp_field_name>sinfMemSysCodeTotB</snmp_field_name>
						<data_template_id>hash_010016c719e58e1f9eb4dde11f86ed92594a74</data_template_id>
						<data_template_rrd_id>hash_0800168a296b2afe31136ebf1e9966e789518f</data_template_rrd_id>
					</item_006>
					<item_007>
						<snmp_field_name>sinfMemSysCacheResB</snmp_field_name>
						<data_template_id>hash_010016c719e58e1f9eb4dde11f86ed92594a74</data_template_id>
						<data_template_rrd_id>hash_0800169c3c63e7690862f4e4a458f4142f22de</data_template_rrd_id>
					</item_007>
					<item_008>
						<snmp_field_name>sinfMemCacheBytesPk</snmp_field_name>
						<data_template_id>hash_010016c719e58e1f9eb4dde11f86ed92594a74</data_template_id>
						<data_template_rrd_id>hash_0800167b25d41ffdd1f370c1c86d2592796332</data_template_rrd_id>
					</item_008>
					<item_009>
						<snmp_field_name>sinfMemSysDrvResB</snmp_field_name>
						<data_template_id>hash_010016c719e58e1f9eb4dde11f86ed92594a74</data_template_id>
						<data_template_rrd_id>hash_0800166b46a107c47bc9e73b19f53f31cc839d</data_template_rrd_id>
					</item_009>
					<item_010>
						<snmp_field_name>sinfMemSysDrvTotB</snmp_field_name>
						<data_template_id>hash_010016c719e58e1f9eb4dde11f86ed92594a74</data_template_id>
						<data_template_rrd_id>hash_080016a4fa65d299d9dc6d6868940fb73df0fe</data_template_rrd_id>
					</item_010>
				</rrd>
				<sv_graph>
				</sv_graph>
				<sv_data_source>
				</sv_data_source>
			</hash_11001627216b45c81063ab9a0ed08048319f25>
			<hash_11001696ed1bfce95a7215ad2fcf75d7ec51f8>
				<name>W32 - Memory Statistics (Paging)</name>
				<graph_template_id>hash_000016b1e1c00a9e4ee316a5c684f13bb4551f</graph_template_id>
				<rrd>
					<item_000>
						<snmp_field_name>sinfMemPageFaultsPS</snmp_field_name>
						<data_template_id>hash_010016c719e58e1f9eb4dde11f86ed92594a74</data_template_id>
						<data_template_rrd_id>hash_080016a325d36713cf47863c98247e8af185aa</data_template_rrd_id>
					</item_000>
					<item_001>
						<snmp_field_name>sinfMemPagesInputPS</snmp_field_name>
						<data_template_id>hash_010016c719e58e1f9eb4dde11f86ed92594a74</data_template_id>
						<data_template_rrd_id>hash_08001605cd4abbb066c671f79169b3ed9f1b32</data_template_rrd_id>
					</item_001>
					<item_002>
						<snmp_field_name>sinfMemPagesOutPS</snmp_field_name>
						<data_template_id>hash_010016c719e58e1f9eb4dde11f86ed92594a74</data_template_id>
						<data_template_rrd_id>hash_08001635dc7023c16de83e67e368d9795a42a1</data_template_rrd_id>
					</item_002>
					<item_003>
						<snmp_field_name>sinfMemPagesPerSec</snmp_field_name>
						<data_template_id>hash_010016c719e58e1f9eb4dde11f86ed92594a74</data_template_id>
						<data_template_rrd_id>hash_0800162cd9602c32a185ce0c6d9166f8370a68</data_template_rrd_id>
					</item_003>
				</rrd>
				<sv_graph>
				</sv_graph>
				<sv_data_source>
				</sv_data_source>
			</hash_11001696ed1bfce95a7215ad2fcf75d7ec51f8>
		</graphs>
	</hash_04001696962f601f431a22a513307bf76b70e1>
	<hash_030016bf566c869ac6443b0c75d1c32b5a350e>
		<name>Get SNMP Data (Indexed)</name>
		<type_id>3</type_id>
		<input_string></input_string>
		<fields>
			<hash_070016617cdc8a230615e59f06f361ef6e7728>
				<name>SNMP IP Address</name>
				<update_rra></update_rra>
				<regexp_match></regexp_match>
				<allow_nulls></allow_nulls>
				<type_code>hostname</type_code>
				<input_output>in</input_output>
				<data_name>management_ip</data_name>
			</hash_070016617cdc8a230615e59f06f361ef6e7728>
			<hash_070016acb449d1451e8a2a655c2c99d31142c7>
				<name>SNMP Community</name>
				<update_rra></update_rra>
				<regexp_match></regexp_match>
				<allow_nulls></allow_nulls>
				<type_code>snmp_community</type_code>
				<input_output>in</input_output>
				<data_name>snmp_community</data_name>
			</hash_070016acb449d1451e8a2a655c2c99d31142c7>
			<hash_070016f4facc5e2ca7ebee621f09bc6d9fc792>
				<name>SNMP Username (v3)</name>
				<update_rra></update_rra>
				<regexp_match></regexp_match>
				<allow_nulls>on</allow_nulls>
				<type_code>snmp_username</type_code>
				<input_output>in</input_output>
				<data_name>snmp_username</data_name>
			</hash_070016f4facc5e2ca7ebee621f09bc6d9fc792>
			<hash_0700161cc1493a6781af2c478fa4de971531cf>
				<name>SNMP Password (v3)</name>
				<update_rra></update_rra>
				<regexp_match></regexp_match>
				<allow_nulls>on</allow_nulls>
				<type_code>snmp_password</type_code>
				<input_output>in</input_output>
				<data_name>snmp_password</data_name>
			</hash_0700161cc1493a6781af2c478fa4de971531cf>
			<hash_070016b5c23f246559df38662c255f4aa21d6b>
				<name>SNMP Version (1, 2, or 3)</name>
				<update_rra></update_rra>
				<regexp_match></regexp_match>
				<allow_nulls></allow_nulls>
				<type_code>snmp_version</type_code>
				<input_output>in</input_output>
				<data_name>snmp_version</data_name>
			</hash_070016b5c23f246559df38662c255f4aa21d6b>
			<hash_0700166027a919c7c7731fbe095b6f53ab127b>
				<name>Index Type</name>
				<update_rra></update_rra>
				<regexp_match></regexp_match>
				<allow_nulls></allow_nulls>
				<type_code>index_type</type_code>
				<input_output>in</input_output>
				<data_name>index_type</data_name>
			</hash_0700166027a919c7c7731fbe095b6f53ab127b>
			<hash_070016cbbe5c1ddfb264a6e5d509ce1c78c95f>
				<name>Index Value</name>
				<update_rra></update_rra>
				<regexp_match></regexp_match>
				<allow_nulls></allow_nulls>
				<type_code>index_value</type_code>
				<input_output>in</input_output>
				<data_name>index_value</data_name>
			</hash_070016cbbe5c1ddfb264a6e5d509ce1c78c95f>
			<hash_070016e6deda7be0f391399c5130e7c4a48b28>
				<name>Output Type ID</name>
				<update_rra></update_rra>
				<regexp_match></regexp_match>
				<allow_nulls></allow_nulls>
				<type_code>output_type</type_code>
				<input_output>in</input_output>
				<data_name>output_type</data_name>
			</hash_070016e6deda7be0f391399c5130e7c4a48b28>
			<hash_070016c1f36ee60c3dc98945556d57f26e475b>
				<name>SNMP Port</name>
				<update_rra></update_rra>
				<regexp_match></regexp_match>
				<allow_nulls></allow_nulls>
				<type_code>snmp_port</type_code>
				<input_output>in</input_output>
				<data_name>snmp_port</data_name>
			</hash_070016c1f36ee60c3dc98945556d57f26e475b>
			<hash_0700162cf7129ad3ff819a7a7ac189bee48ce8>
				<name>SNMP Authenticaion Protocol (v3)</name>
				<update_rra></update_rra>
				<regexp_match></regexp_match>
				<allow_nulls></allow_nulls>
				<type_code>snmp_auth_protocol</type_code>
				<input_output>in</input_output>
				<data_name>snmp_auth_protocol</data_name>
			</hash_0700162cf7129ad3ff819a7a7ac189bee48ce8>
			<hash_0700166b13ac0a0194e171d241d4b06f913158>
				<name>SNMP Privacy Passphrase (v3)</name>
				<update_rra></update_rra>
				<regexp_match></regexp_match>
				<allow_nulls></allow_nulls>
				<type_code>snmp_priv_passphrase</type_code>
				<input_output>in</input_output>
				<data_name>snmp_priv_passphrase</data_name>
			</hash_0700166b13ac0a0194e171d241d4b06f913158>
			<hash_0700163a33d4fc65b8329ab2ac46a36da26b72>
				<name>SNMP Privacy Protocol (v3)</name>
				<update_rra></update_rra>
				<regexp_match></regexp_match>
				<allow_nulls></allow_nulls>
				<type_code>snmp_priv_protocol</type_code>
				<input_output>in</input_output>
				<data_name>snmp_priv_protocol</data_name>
			</hash_0700163a33d4fc65b8329ab2ac46a36da26b72>
			<hash_0700165240353b8f7f259acaf30e6229bc14e7>
				<name>Port</name>
				<update_rra></update_rra>
				<regexp_match></regexp_match>
				<allow_nulls>on</allow_nulls>
				<type_code>snmp_port</type_code>
				<input_output>in</input_output>
				<data_name>snmp_port</data_name>
			</hash_0700165240353b8f7f259acaf30e6229bc14e7>
		</fields>
	</hash_030016bf566c869ac6443b0c75d1c32b5a350e>
	<hash_000016a685715cc39ded4bd336f8329f6970d5>
		<name>W32 - Memory Statistics (Usage)</name>
		<graph>
			<t_title>on</t_title>
			<title>|host_description| Memory (Usage)</title>
			<t_image_format_id></t_image_format_id>
			<image_format_id>1</image_format_id>
			<t_height></t_height>
			<height>200</height>
			<t_width></t_width>
			<width>600</width>
			<t_slope_mode></t_slope_mode>
			<slope_mode>on</slope_mode>
			<t_auto_scale></t_auto_scale>
			<auto_scale>on</auto_scale>
			<t_auto_scale_opts></t_auto_scale_opts>
			<auto_scale_opts>2</auto_scale_opts>
			<t_auto_scale_log></t_auto_scale_log>
			<auto_scale_log></auto_scale_log>
			<t_scale_log_units></t_scale_log_units>
			<scale_log_units></scale_log_units>
			<t_auto_scale_rigid></t_auto_scale_rigid>
			<auto_scale_rigid></auto_scale_rigid>
			<t_auto_padding></t_auto_padding>
			<auto_padding>on</auto_padding>
			<t_export></t_export>
			<export>on</export>
			<t_upper_limit></t_upper_limit>
			<upper_limit>100</upper_limit>
			<t_lower_limit></t_lower_limit>
			<lower_limit>0</lower_limit>
			<t_base_value></t_base_value>
			<base_value>1024</base_value>
			<t_unit_value></t_unit_value>
			<unit_value></unit_value>
			<t_unit_exponent_value></t_unit_exponent_value>
			<unit_exponent_value></unit_exponent_value>
			<t_vertical_label></t_vertical_label>
			<vertical_label>Memory (Usage)</vertical_label>
		</graph>
		<items>
			<hash_100016917e9a390542abe48badb78add9d2788>
				<task_item_id>hash_080016c483352c1e20ef5a776706e1219d5e98</task_item_id>
				<color_id>0000FF</color_id>
				<alpha>FF</alpha>
				<graph_type_id>7</graph_type_id>
				<consolidation_function_id>1</consolidation_function_id>
				<cdef_id>0</cdef_id>
				<value></value>
				<gprint_id>hash_060016e9c43831e54eca8069317a2ce8c6f751</gprint_id>
				<text_format>Available Bytes:</text_format>
				<hard_return></hard_return>
				<sequence>1</sequence>
			</hash_100016917e9a390542abe48badb78add9d2788>
			<hash_100016f832dc23e6de2d6d005e70719e6ce6b5>
				<task_item_id>hash_080016c483352c1e20ef5a776706e1219d5e98</task_item_id>
				<color_id>0</color_id>
				<alpha>FF</alpha>
				<graph_type_id>9</graph_type_id>
				<consolidation_function_id>4</consolidation_function_id>
				<cdef_id>0</cdef_id>
				<value></value>
				<gprint_id>hash_060016e9c43831e54eca8069317a2ce8c6f751</gprint_id>
				<text_format>Current:</text_format>
				<hard_return></hard_return>
				<sequence>2</sequence>
			</hash_100016f832dc23e6de2d6d005e70719e6ce6b5>
			<hash_100016099b9d644dde99d503a980c0aee0b8e6>
				<task_item_id>hash_080016c483352c1e20ef5a776706e1219d5e98</task_item_id>
				<color_id>0</color_id>
				<alpha>FF</alpha>
				<graph_type_id>9</graph_type_id>
				<consolidation_function_id>1</consolidation_function_id>
				<cdef_id>0</cdef_id>
				<value></value>
				<gprint_id>hash_060016e9c43831e54eca8069317a2ce8c6f751</gprint_id>
				<text_format>Average:</text_format>
				<hard_return></hard_return>
				<sequence>3</sequence>
			</hash_100016099b9d644dde99d503a980c0aee0b8e6>
			<hash_10001692311768935c7ec7e5ff00a9dfeaf591>
				<task_item_id>hash_080016c483352c1e20ef5a776706e1219d5e98</task_item_id>
				<color_id>0</color_id>
				<alpha>FF</alpha>
				<graph_type_id>9</graph_type_id>
				<consolidation_function_id>3</consolidation_function_id>
				<cdef_id>0</cdef_id>
				<value></value>
				<gprint_id>hash_060016e9c43831e54eca8069317a2ce8c6f751</gprint_id>
				<text_format>Maximum:</text_format>
				<hard_return>on</hard_return>
				<sequence>4</sequence>
			</hash_10001692311768935c7ec7e5ff00a9dfeaf591>
			<hash_10001678967bbbbe086b431eda5e8456ca9a2b>
				<task_item_id>hash_0800168fdba7964ba977410e5c7d21ee89dc7b</task_item_id>
				<color_id>00FF00</color_id>
				<alpha>FF</alpha>
				<graph_type_id>8</graph_type_id>
				<consolidation_function_id>1</consolidation_function_id>
				<cdef_id>0</cdef_id>
				<value></value>
				<gprint_id>hash_060016e9c43831e54eca8069317a2ce8c6f751</gprint_id>
				<text_format>Committed Bytes:</text_format>
				<hard_return></hard_return>
				<sequence>5</sequence>
			</hash_10001678967bbbbe086b431eda5e8456ca9a2b>
			<hash_1000161a280da024bd6dd255a4028a8a090bbe>
				<task_item_id>hash_0800168fdba7964ba977410e5c7d21ee89dc7b</task_item_id>
				<color_id>0</color_id>
				<alpha>FF</alpha>
				<graph_type_id>9</graph_type_id>
				<consolidation_function_id>4</consolidation_function_id>
				<cdef_id>0</cdef_id>
				<value></value>
				<gprint_id>hash_060016e9c43831e54eca8069317a2ce8c6f751</gprint_id>
				<text_format>Current:</text_format>
				<hard_return></hard_return>
				<sequence>6</sequence>
			</hash_1000161a280da024bd6dd255a4028a8a090bbe>
			<hash_1000160e1c6611419bf95c1e55a35913d48d0e>
				<task_item_id>hash_0800168fdba7964ba977410e5c7d21ee89dc7b</task_item_id>
				<color_id>0</color_id>
				<alpha>FF</alpha>
				<graph_type_id>9</graph_type_id>
				<consolidation_function_id>1</consolidation_function_id>
				<cdef_id>0</cdef_id>
				<value></value>
				<gprint_id>hash_060016e9c43831e54eca8069317a2ce8c6f751</gprint_id>
				<text_format>Average:</text_format>
				<hard_return></hard_return>
				<sequence>7</sequence>
			</hash_1000160e1c6611419bf95c1e55a35913d48d0e>
			<hash_1000165d9345dec89b994e2c14cbe4a0133ce0>
				<task_item_id>hash_0800168fdba7964ba977410e5c7d21ee89dc7b</task_item_id>
				<color_id>0</color_id>
				<alpha>FF</alpha>
				<graph_type_id>9</graph_type_id>
				<consolidation_function_id>3</consolidation_function_id>
				<cdef_id>0</cdef_id>
				<value></value>
				<gprint_id>hash_060016e9c43831e54eca8069317a2ce8c6f751</gprint_id>
				<text_format>Maximum:</text_format>
				<hard_return>on</hard_return>
				<sequence>8</sequence>
			</hash_1000165d9345dec89b994e2c14cbe4a0133ce0>
			<hash_1000160af598aeb7118eb926887d515c2e45a7>
				<task_item_id>hash_08001662724f2664e60e1d005032f5f0935f03</task_item_id>
				<color_id>FF0000</color_id>
				<alpha>FF</alpha>
				<graph_type_id>8</graph_type_id>
				<consolidation_function_id>1</consolidation_function_id>
				<cdef_id>0</cdef_id>
				<value></value>
				<gprint_id>hash_060016e9c43831e54eca8069317a2ce8c6f751</gprint_id>
				<text_format>Pool Nonpaged Bytes:</text_format>
				<hard_return></hard_return>
				<sequence>9</sequence>
			</hash_1000160af598aeb7118eb926887d515c2e45a7>
			<hash_10001698ee979c9d3a1e047463514fd7d72cb7>
				<task_item_id>hash_08001662724f2664e60e1d005032f5f0935f03</task_item_id>
				<color_id>0</color_id>
				<alpha>FF</alpha>
				<graph_type_id>9</graph_type_id>
				<consolidation_function_id>4</consolidation_function_id>
				<cdef_id>0</cdef_id>
				<value></value>
				<gprint_id>hash_060016e9c43831e54eca8069317a2ce8c6f751</gprint_id>
				<text_format>Current:</text_format>
				<hard_return></hard_return>
				<sequence>10</sequence>
			</hash_10001698ee979c9d3a1e047463514fd7d72cb7>
			<hash_1000166364c248eb995cb0a99351c5c1f9b7f7>
				<task_item_id>hash_08001662724f2664e60e1d005032f5f0935f03</task_item_id>
				<color_id>0</color_id>
				<alpha>FF</alpha>
				<graph_type_id>9</graph_type_id>
				<consolidation_function_id>1</consolidation_function_id>
				<cdef_id>0</cdef_id>
				<value></value>
				<gprint_id>hash_060016e9c43831e54eca8069317a2ce8c6f751</gprint_id>
				<text_format>Average:</text_format>
				<hard_return></hard_return>
				<sequence>11</sequence>
			</hash_1000166364c248eb995cb0a99351c5c1f9b7f7>
			<hash_100016270333f987122a6c2086b587f8157f38>
				<task_item_id>hash_08001662724f2664e60e1d005032f5f0935f03</task_item_id>
				<color_id>0</color_id>
				<alpha>FF</alpha>
				<graph_type_id>9</graph_type_id>
				<consolidation_function_id>3</consolidation_function_id>
				<cdef_id>0</cdef_id>
				<value></value>
				<gprint_id>hash_060016e9c43831e54eca8069317a2ce8c6f751</gprint_id>
				<text_format>Maximum:</text_format>
				<hard_return>on</hard_return>
				<sequence>12</sequence>
			</hash_100016270333f987122a6c2086b587f8157f38>
			<hash_100016d5bd01fb94c156dde32df2261f11a727>
				<task_item_id>hash_08001650bccc8795800bc150734c5d339ab5bc</task_item_id>
				<color_id>FFFF00</color_id>
				<alpha>FF</alpha>
				<graph_type_id>8</graph_type_id>
				<consolidation_function_id>1</consolidation_function_id>
				<cdef_id>0</cdef_id>
				<value></value>
				<gprint_id>hash_060016e9c43831e54eca8069317a2ce8c6f751</gprint_id>
				<text_format>Pool Paged Resident Bytes:</text_format>
				<hard_return></hard_return>
				<sequence>13</sequence>
			</hash_100016d5bd01fb94c156dde32df2261f11a727>
			<hash_100016d356f4ad39f5013ab850e34ed897d490>
				<task_item_id>hash_08001650bccc8795800bc150734c5d339ab5bc</task_item_id>
				<color_id>0</color_id>
				<alpha>FF</alpha>
				<graph_type_id>9</graph_type_id>
				<consolidation_function_id>4</consolidation_function_id>
				<cdef_id>0</cdef_id>
				<value></value>
				<gprint_id>hash_060016e9c43831e54eca8069317a2ce8c6f751</gprint_id>
				<text_format>Current:</text_format>
				<hard_return></hard_return>
				<sequence>14</sequence>
			</hash_100016d356f4ad39f5013ab850e34ed897d490>
			<hash_10001612a96abb39cb3c2f9b7f1ee4b2d79e4e>
				<task_item_id>hash_08001650bccc8795800bc150734c5d339ab5bc</task_item_id>
				<color_id>0</color_id>
				<alpha>FF</alpha>
				<graph_type_id>9</graph_type_id>
				<consolidation_function_id>1</consolidation_function_id>
				<cdef_id>0</cdef_id>
				<value></value>
				<gprint_id>hash_060016e9c43831e54eca8069317a2ce8c6f751</gprint_id>
				<text_format>Average:</text_format>
				<hard_return></hard_return>
				<sequence>15</sequence>
			</hash_10001612a96abb39cb3c2f9b7f1ee4b2d79e4e>
			<hash_1000161111cb65cb66ff5fdb5fa96808e543f4>
				<task_item_id>hash_08001650bccc8795800bc150734c5d339ab5bc</task_item_id>
				<color_id>0</color_id>
				<alpha>FF</alpha>
				<graph_type_id>9</graph_type_id>
				<consolidation_function_id>3</consolidation_function_id>
				<cdef_id>0</cdef_id>
				<value></value>
				<gprint_id>hash_060016e9c43831e54eca8069317a2ce8c6f751</gprint_id>
				<text_format>Maximum:</text_format>
				<hard_return>on</hard_return>
				<sequence>16</sequence>
			</hash_1000161111cb65cb66ff5fdb5fa96808e543f4>
			<hash_100016cbd7b7ebf47443b9a79989ae7cb9dfdc>
				<task_item_id>hash_0800169c3c63e7690862f4e4a458f4142f22de</task_item_id>
				<color_id>008A6D</color_id>
				<alpha>FF</alpha>
				<graph_type_id>8</graph_type_id>
				<consolidation_function_id>1</consolidation_function_id>
				<cdef_id>0</cdef_id>
				<value></value>
				<gprint_id>hash_060016e9c43831e54eca8069317a2ce8c6f751</gprint_id>
				<text_format>System Cache Resident Bytes:</text_format>
				<hard_return></hard_return>
				<sequence>17</sequence>
			</hash_100016cbd7b7ebf47443b9a79989ae7cb9dfdc>
			<hash_100016e540d01bf7fa33a1adfc63089118ad09>
				<task_item_id>hash_0800169c3c63e7690862f4e4a458f4142f22de</task_item_id>
				<color_id>0</color_id>
				<alpha>FF</alpha>
				<graph_type_id>9</graph_type_id>
				<consolidation_function_id>4</consolidation_function_id>
				<cdef_id>0</cdef_id>
				<value></value>
				<gprint_id>hash_060016e9c43831e54eca8069317a2ce8c6f751</gprint_id>
				<text_format>Current:</text_format>
				<hard_return></hard_return>
				<sequence>18</sequence>
			</hash_100016e540d01bf7fa33a1adfc63089118ad09>
			<hash_100016211b7e38b396bf7509da3d8c97a3ae6d>
				<task_item_id>hash_0800169c3c63e7690862f4e4a458f4142f22de</task_item_id>
				<color_id>0</color_id>
				<alpha>FF</alpha>
				<graph_type_id>9</graph_type_id>
				<consolidation_function_id>1</consolidation_function_id>
				<cdef_id>0</cdef_id>
				<value></value>
				<gprint_id>hash_060016e9c43831e54eca8069317a2ce8c6f751</gprint_id>
				<text_format>Average:</text_format>
				<hard_return></hard_return>
				<sequence>19</sequence>
			</hash_100016211b7e38b396bf7509da3d8c97a3ae6d>
			<hash_100016806c8f346e53f509e29cc3f30f7a1c00>
				<task_item_id>hash_0800169c3c63e7690862f4e4a458f4142f22de</task_item_id>
				<color_id>0</color_id>
				<alpha>FF</alpha>
				<graph_type_id>9</graph_type_id>
				<consolidation_function_id>3</consolidation_function_id>
				<cdef_id>0</cdef_id>
				<value></value>
				<gprint_id>hash_060016e9c43831e54eca8069317a2ce8c6f751</gprint_id>
				<text_format>Maximum:</text_format>
				<hard_return>on</hard_return>
				<sequence>20</sequence>
			</hash_100016806c8f346e53f509e29cc3f30f7a1c00>
			<hash_100016301d00faf95e9d74267789595093b912>
				<task_item_id>hash_080016339309d060537591976905907ac2174a</task_item_id>
				<color_id>AAAAAA</color_id>
				<alpha>FF</alpha>
				<graph_type_id>8</graph_type_id>
				<consolidation_function_id>1</consolidation_function_id>
				<cdef_id>0</cdef_id>
				<value></value>
				<gprint_id>hash_060016e9c43831e54eca8069317a2ce8c6f751</gprint_id>
				<text_format>System Code Resident Bytes:</text_format>
				<hard_return></hard_return>
				<sequence>21</sequence>
			</hash_100016301d00faf95e9d74267789595093b912>
			<hash_10001642f66a693c9f0ef9a042b36787644023>
				<task_item_id>hash_080016339309d060537591976905907ac2174a</task_item_id>
				<color_id>0</color_id>
				<alpha>FF</alpha>
				<graph_type_id>9</graph_type_id>
				<consolidation_function_id>4</consolidation_function_id>
				<cdef_id>0</cdef_id>
				<value></value>
				<gprint_id>hash_060016e9c43831e54eca8069317a2ce8c6f751</gprint_id>
				<text_format>Current:</text_format>
				<hard_return></hard_return>
				<sequence>22</sequence>
			</hash_10001642f66a693c9f0ef9a042b36787644023>
			<hash_10001662e8659550231eda6fe2d0c685381072>
				<task_item_id>hash_080016339309d060537591976905907ac2174a</task_item_id>
				<color_id>0</color_id>
				<alpha>FF</alpha>
				<graph_type_id>9</graph_type_id>
				<consolidation_function_id>1</consolidation_function_id>
				<cdef_id>0</cdef_id>
				<value></value>
				<gprint_id>hash_060016e9c43831e54eca8069317a2ce8c6f751</gprint_id>
				<text_format>Average:</text_format>
				<hard_return></hard_return>
				<sequence>23</sequence>
			</hash_10001662e8659550231eda6fe2d0c685381072>
			<hash_1000161aa53eba4ed0528919c33213cfb9c411>
				<task_item_id>hash_080016339309d060537591976905907ac2174a</task_item_id>
				<color_id>0</color_id>
				<alpha>FF</alpha>
				<graph_type_id>9</graph_type_id>
				<consolidation_function_id>3</consolidation_function_id>
				<cdef_id>0</cdef_id>
				<value></value>
				<gprint_id>hash_060016e9c43831e54eca8069317a2ce8c6f751</gprint_id>
				<text_format>Maximum:</text_format>
				<hard_return>on</hard_return>
				<sequence>24</sequence>
			</hash_1000161aa53eba4ed0528919c33213cfb9c411>
			<hash_10001639c8cec5976dfd6357acacfd1a90a58e>
				<task_item_id>hash_0800166b46a107c47bc9e73b19f53f31cc839d</task_item_id>
				<color_id>B90054</color_id>
				<alpha>FF</alpha>
				<graph_type_id>8</graph_type_id>
				<consolidation_function_id>1</consolidation_function_id>
				<cdef_id>0</cdef_id>
				<value></value>
				<gprint_id>hash_060016e9c43831e54eca8069317a2ce8c6f751</gprint_id>
				<text_format>System Drivers Resident Bytes:</text_format>
				<hard_return></hard_return>
				<sequence>25</sequence>
			</hash_10001639c8cec5976dfd6357acacfd1a90a58e>
			<hash_100016e7b31b8b7bb0a92c88a61a5a72af56aa>
				<task_item_id>hash_0800166b46a107c47bc9e73b19f53f31cc839d</task_item_id>
				<color_id>0</color_id>
				<alpha>FF</alpha>
				<graph_type_id>9</graph_type_id>
				<consolidation_function_id>4</consolidation_function_id>
				<cdef_id>0</cdef_id>
				<value></value>
				<gprint_id>hash_060016e9c43831e54eca8069317a2ce8c6f751</gprint_id>
				<text_format>Current:</text_format>
				<hard_return></hard_return>
				<sequence>26</sequence>
			</hash_100016e7b31b8b7bb0a92c88a61a5a72af56aa>
			<hash_100016d0e64c8dea7797fb274946a34a4a6f29>
				<task_item_id>hash_0800166b46a107c47bc9e73b19f53f31cc839d</task_item_id>
				<color_id>0</color_id>
				<alpha>FF</alpha>
				<graph_type_id>9</graph_type_id>
				<consolidation_function_id>1</consolidation_function_id>
				<cdef_id>0</cdef_id>
				<value></value>
				<gprint_id>hash_060016e9c43831e54eca8069317a2ce8c6f751</gprint_id>
				<text_format>Average:</text_format>
				<hard_return></hard_return>
				<sequence>27</sequence>
			</hash_100016d0e64c8dea7797fb274946a34a4a6f29>
			<hash_10001616b48f1ec0d39fa38c1989b1916a73f2>
				<task_item_id>hash_0800166b46a107c47bc9e73b19f53f31cc839d</task_item_id>
				<color_id>0</color_id>
				<alpha>FF</alpha>
				<graph_type_id>9</graph_type_id>
				<consolidation_function_id>3</consolidation_function_id>
				<cdef_id>0</cdef_id>
				<value></value>
				<gprint_id>hash_060016e9c43831e54eca8069317a2ce8c6f751</gprint_id>
				<text_format>Maximum:</text_format>
				<hard_return>on</hard_return>
				<sequence>28</sequence>
			</hash_10001616b48f1ec0d39fa38c1989b1916a73f2>
			<hash_100016ef37f17aa44d9b68382ccb90f9d7117b>
				<task_item_id>hash_080016a4fa65d299d9dc6d6868940fb73df0fe</task_item_id>
				<color_id>0</color_id>
				<alpha>FF</alpha>
				<graph_type_id>1</graph_type_id>
				<consolidation_function_id>1</consolidation_function_id>
				<cdef_id>0</cdef_id>
				<value></value>
				<gprint_id>hash_060016e9c43831e54eca8069317a2ce8c6f751</gprint_id>
				<text_format>System Drivers Total Bytes:</text_format>
				<hard_return></hard_return>
				<sequence>29</sequence>
			</hash_100016ef37f17aa44d9b68382ccb90f9d7117b>
			<hash_1000166636bdaf6543ad47fd674c6dd38d8819>
				<task_item_id>hash_080016a4fa65d299d9dc6d6868940fb73df0fe</task_item_id>
				<color_id>0</color_id>
				<alpha>FF</alpha>
				<graph_type_id>9</graph_type_id>
				<consolidation_function_id>4</consolidation_function_id>
				<cdef_id>0</cdef_id>
				<value></value>
				<gprint_id>hash_060016e9c43831e54eca8069317a2ce8c6f751</gprint_id>
				<text_format>Current:</text_format>
				<hard_return></hard_return>
				<sequence>30</sequence>
			</hash_1000166636bdaf6543ad47fd674c6dd38d8819>
			<hash_1000160db7267a7032ad0576eed95984a4483c>
				<task_item_id>hash_080016a4fa65d299d9dc6d6868940fb73df0fe</task_item_id>
				<color_id>0</color_id>
				<alpha>FF</alpha>
				<graph_type_id>9</graph_type_id>
				<consolidation_function_id>1</consolidation_function_id>
				<cdef_id>0</cdef_id>
				<value></value>
				<gprint_id>hash_060016e9c43831e54eca8069317a2ce8c6f751</gprint_id>
				<text_format>Average:</text_format>
				<hard_return></hard_return>
				<sequence>31</sequence>
			</hash_1000160db7267a7032ad0576eed95984a4483c>
			<hash_1000164096cb02034ab591eae0e6ac757a766d>
				<task_item_id>hash_080016a4fa65d299d9dc6d6868940fb73df0fe</task_item_id>
				<color_id>0</color_id>
				<alpha>FF</alpha>
				<graph_type_id>9</graph_type_id>
				<consolidation_function_id>3</consolidation_function_id>
				<cdef_id>0</cdef_id>
				<value></value>
				<gprint_id>hash_060016e9c43831e54eca8069317a2ce8c6f751</gprint_id>
				<text_format>Maximum:</text_format>
				<hard_return>on</hard_return>
				<sequence>32</sequence>
			</hash_1000164096cb02034ab591eae0e6ac757a766d>
			<hash_1000168b3fa60e648a370179dca88f385219b6>
				<task_item_id>hash_0800168a296b2afe31136ebf1e9966e789518f</task_item_id>
				<color_id>0</color_id>
				<alpha>FF</alpha>
				<graph_type_id>1</graph_type_id>
				<consolidation_function_id>1</consolidation_function_id>
				<cdef_id>0</cdef_id>
				<value></value>
				<gprint_id>hash_060016e9c43831e54eca8069317a2ce8c6f751</gprint_id>
				<text_format>System Code Total Bytes:</text_format>
				<hard_return></hard_return>
				<sequence>33</sequence>
			</hash_1000168b3fa60e648a370179dca88f385219b6>
			<hash_1000164a990731efad6faa9091721d67ecd16a>
				<task_item_id>hash_0800168a296b2afe31136ebf1e9966e789518f</task_item_id>
				<color_id>0</color_id>
				<alpha>FF</alpha>
				<graph_type_id>9</graph_type_id>
				<consolidation_function_id>4</consolidation_function_id>
				<cdef_id>0</cdef_id>
				<value></value>
				<gprint_id>hash_060016e9c43831e54eca8069317a2ce8c6f751</gprint_id>
				<text_format>Current:</text_format>
				<hard_return></hard_return>
				<sequence>34</sequence>
			</hash_1000164a990731efad6faa9091721d67ecd16a>
			<hash_10001606dab3919d36e77fa7d8a6e1454d5a1d>
				<task_item_id>hash_0800168a296b2afe31136ebf1e9966e789518f</task_item_id>
				<color_id>0</color_id>
				<alpha>FF</alpha>
				<graph_type_id>9</graph_type_id>
				<consolidation_function_id>1</consolidation_function_id>
				<cdef_id>0</cdef_id>
				<value></value>
				<gprint_id>hash_060016e9c43831e54eca8069317a2ce8c6f751</gprint_id>
				<text_format>Average:</text_format>
				<hard_return></hard_return>
				<sequence>35</sequence>
			</hash_10001606dab3919d36e77fa7d8a6e1454d5a1d>
			<hash_10001662c78a2baceba06d05b2415974f85905>
				<task_item_id>hash_0800168a296b2afe31136ebf1e9966e789518f</task_item_id>
				<color_id>0</color_id>
				<alpha>FF</alpha>
				<graph_type_id>9</graph_type_id>
				<consolidation_function_id>3</consolidation_function_id>
				<cdef_id>0</cdef_id>
				<value></value>
				<gprint_id>hash_060016e9c43831e54eca8069317a2ce8c6f751</gprint_id>
				<text_format>Maximum:</text_format>
				<hard_return>on</hard_return>
				<sequence>36</sequence>
			</hash_10001662c78a2baceba06d05b2415974f85905>
			<hash_10001676cc846c039ca0f387813b4eab8abdb9>
				<task_item_id>hash_0800167b25d41ffdd1f370c1c86d2592796332</task_item_id>
				<color_id>0</color_id>
				<alpha>FF</alpha>
				<graph_type_id>1</graph_type_id>
				<consolidation_function_id>1</consolidation_function_id>
				<cdef_id>0</cdef_id>
				<value></value>
				<gprint_id>hash_060016e9c43831e54eca8069317a2ce8c6f751</gprint_id>
				<text_format>Cache Bytes Peak:</text_format>
				<hard_return></hard_return>
				<sequence>37</sequence>
			</hash_10001676cc846c039ca0f387813b4eab8abdb9>
			<hash_10001626400dec32f6c1af690a17e896c08f9e>
				<task_item_id>hash_0800167b25d41ffdd1f370c1c86d2592796332</task_item_id>
				<color_id>0</color_id>
				<alpha>FF</alpha>
				<graph_type_id>9</graph_type_id>
				<consolidation_function_id>4</consolidation_function_id>
				<cdef_id>0</cdef_id>
				<value></value>
				<gprint_id>hash_060016e9c43831e54eca8069317a2ce8c6f751</gprint_id>
				<text_format>Current:</text_format>
				<hard_return></hard_return>
				<sequence>38</sequence>
			</hash_10001626400dec32f6c1af690a17e896c08f9e>
			<hash_1000169e1c16d6b9185ee62d61d6d1f9e2a73c>
				<task_item_id>hash_0800167b25d41ffdd1f370c1c86d2592796332</task_item_id>
				<color_id>0</color_id>
				<alpha>FF</alpha>
				<graph_type_id>9</graph_type_id>
				<consolidation_function_id>1</consolidation_function_id>
				<cdef_id>0</cdef_id>
				<value></value>
				<gprint_id>hash_060016e9c43831e54eca8069317a2ce8c6f751</gprint_id>
				<text_format>Average:</text_format>
				<hard_return></hard_return>
				<sequence>39</sequence>
			</hash_1000169e1c16d6b9185ee62d61d6d1f9e2a73c>
			<hash_100016084e260465472f02779e7466a38d1487>
				<task_item_id>hash_0800167b25d41ffdd1f370c1c86d2592796332</task_item_id>
				<color_id>0</color_id>
				<alpha>FF</alpha>
				<graph_type_id>9</graph_type_id>
				<consolidation_function_id>3</consolidation_function_id>
				<cdef_id>0</cdef_id>
				<value></value>
				<gprint_id>hash_060016e9c43831e54eca8069317a2ce8c6f751</gprint_id>
				<text_format>Maximum:</text_format>
				<hard_return>on</hard_return>
				<sequence>40</sequence>
			</hash_100016084e260465472f02779e7466a38d1487>
			<hash_1000164166cbded58312e50d7732d2152396e6>
				<task_item_id>hash_0800167a79e078d7ada819ba31a38c7c5a9494</task_item_id>
				<color_id>0</color_id>
				<alpha>FF</alpha>
				<graph_type_id>1</graph_type_id>
				<consolidation_function_id>1</consolidation_function_id>
				<cdef_id>0</cdef_id>
				<value></value>
				<gprint_id>hash_060016e9c43831e54eca8069317a2ce8c6f751</gprint_id>
				<text_format>Pool Paged Bytes:</text_format>
				<hard_return></hard_return>
				<sequence>41</sequence>
			</hash_1000164166cbded58312e50d7732d2152396e6>
			<hash_1000161813a2c15e0349f24cff4bc751bc863c>
				<task_item_id>hash_0800167a79e078d7ada819ba31a38c7c5a9494</task_item_id>
				<color_id>0</color_id>
				<alpha>FF</alpha>
				<graph_type_id>9</graph_type_id>
				<consolidation_function_id>4</consolidation_function_id>
				<cdef_id>0</cdef_id>
				<value></value>
				<gprint_id>hash_060016e9c43831e54eca8069317a2ce8c6f751</gprint_id>
				<text_format>Current:</text_format>
				<hard_return></hard_return>
				<sequence>42</sequence>
			</hash_1000161813a2c15e0349f24cff4bc751bc863c>
			<hash_10001661e13a2a533c31a9f0de402cc9c7feb4>
				<task_item_id>hash_0800167a79e078d7ada819ba31a38c7c5a9494</task_item_id>
				<color_id>0</color_id>
				<alpha>FF</alpha>
				<graph_type_id>9</graph_type_id>
				<consolidation_function_id>1</consolidation_function_id>
				<cdef_id>0</cdef_id>
				<value></value>
				<gprint_id>hash_060016e9c43831e54eca8069317a2ce8c6f751</gprint_id>
				<text_format>Average:</text_format>
				<hard_return></hard_return>
				<sequence>43</sequence>
			</hash_10001661e13a2a533c31a9f0de402cc9c7feb4>
			<hash_1000164404dd92bfa5b0d87ffcad06783be8a6>
				<task_item_id>hash_0800167a79e078d7ada819ba31a38c7c5a9494</task_item_id>
				<color_id>0</color_id>
				<alpha>FF</alpha>
				<graph_type_id>9</graph_type_id>
				<consolidation_function_id>3</consolidation_function_id>
				<cdef_id>0</cdef_id>
				<value></value>
				<gprint_id>hash_060016e9c43831e54eca8069317a2ce8c6f751</gprint_id>
				<text_format>Maximum:</text_format>
				<hard_return>on</hard_return>
				<sequence>44</sequence>
			</hash_1000164404dd92bfa5b0d87ffcad06783be8a6>
		</items>
		<inputs>
			<hash_0900169d3828e30df8386fc3025dfbb9e2a351>
				<name>Data Source [sinfMemSysCodeResB]</name>
				<description></description>
				<column_name>task_item_id</column_name>
				<items>hash_000016301d00faf95e9d74267789595093b912|hash_00001642f66a693c9f0ef9a042b36787644023|hash_00001662e8659550231eda6fe2d0c685381072|hash_0000161aa53eba4ed0528919c33213cfb9c411</items>
			</hash_0900169d3828e30df8386fc3025dfbb9e2a351>
			<hash_090016c818c0bbf38863b011ab2645fa3d2a1c>
				<name>Data Source [sinfMemSysCodeTotB]</name>
				<description></description>
				<column_name>task_item_id</column_name>
				<items>hash_0000168b3fa60e648a370179dca88f385219b6|hash_0000164a990731efad6faa9091721d67ecd16a|hash_00001606dab3919d36e77fa7d8a6e1454d5a1d|hash_00001662c78a2baceba06d05b2415974f85905</items>
			</hash_090016c818c0bbf38863b011ab2645fa3d2a1c>
			<hash_090016c12450c0a055adadd6b0327c6947ab1e>
				<name>Data Source [sinfMemSysDrvResB]</name>
				<description></description>
				<column_name>task_item_id</column_name>
				<items>hash_00001639c8cec5976dfd6357acacfd1a90a58e|hash_000016e7b31b8b7bb0a92c88a61a5a72af56aa|hash_000016d0e64c8dea7797fb274946a34a4a6f29|hash_00001616b48f1ec0d39fa38c1989b1916a73f2</items>
			</hash_090016c12450c0a055adadd6b0327c6947ab1e>
			<hash_09001624288a7cd27d45a3abcc66b90255668b>
				<name>Data Source [sinfMemSysDrvTotB]</name>
				<description></description>
				<column_name>task_item_id</column_name>
				<items>hash_000016ef37f17aa44d9b68382ccb90f9d7117b|hash_0000166636bdaf6543ad47fd674c6dd38d8819|hash_0000160db7267a7032ad0576eed95984a4483c|hash_0000164096cb02034ab591eae0e6ac757a766d</items>
			</hash_09001624288a7cd27d45a3abcc66b90255668b>
			<hash_090016ee10a58483b0fd044ffcca8f57fb61fb>
				<name>Data Source [sinfMemSysCacheResB]</name>
				<description></description>
				<column_name>task_item_id</column_name>
				<items>hash_000016cbd7b7ebf47443b9a79989ae7cb9dfdc|hash_000016e540d01bf7fa33a1adfc63089118ad09|hash_000016211b7e38b396bf7509da3d8c97a3ae6d|hash_000016806c8f346e53f509e29cc3f30f7a1c00</items>
			</hash_090016ee10a58483b0fd044ffcca8f57fb61fb>
			<hash_09001615cdd8289b0c5a53927aee296faea5ea>
				<name>Data Source [sinfMemPPagedResByt]</name>
				<description></description>
				<column_name>task_item_id</column_name>
				<items>hash_000016d5bd01fb94c156dde32df2261f11a727|hash_000016d356f4ad39f5013ab850e34ed897d490|hash_00001612a96abb39cb3c2f9b7f1ee4b2d79e4e|hash_0000161111cb65cb66ff5fdb5fa96808e543f4</items>
			</hash_09001615cdd8289b0c5a53927aee296faea5ea>
			<hash_0900160d50ca806ac913b6090a186210d42101>
				<name>Data Source [sinfMemPPagedBytes]</name>
				<description></description>
				<column_name>task_item_id</column_name>
				<items>hash_0000164166cbded58312e50d7732d2152396e6|hash_0000161813a2c15e0349f24cff4bc751bc863c|hash_00001661e13a2a533c31a9f0de402cc9c7feb4|hash_0000164404dd92bfa5b0d87ffcad06783be8a6</items>
			</hash_0900160d50ca806ac913b6090a186210d42101>
			<hash_090016090f16b28d8d98cc7989bf95230802b4>
				<name>Data Source [sinfMemCacheBytesPk]</name>
				<description></description>
				<column_name>task_item_id</column_name>
				<items>hash_00001676cc846c039ca0f387813b4eab8abdb9|hash_00001626400dec32f6c1af690a17e896c08f9e|hash_0000169e1c16d6b9185ee62d61d6d1f9e2a73c|hash_000016084e260465472f02779e7466a38d1487</items>
			</hash_090016090f16b28d8d98cc7989bf95230802b4>
			<hash_0900160cb44f8993eb55a1b08f4f2cb46f79ba>
				<name>Data Source [sinfMemPNonpagedByt]</name>
				<description></description>
				<column_name>task_item_id</column_name>
				<items>hash_0000160af598aeb7118eb926887d515c2e45a7|hash_00001698ee979c9d3a1e047463514fd7d72cb7|hash_0000166364c248eb995cb0a99351c5c1f9b7f7|hash_000016270333f987122a6c2086b587f8157f38</items>
			</hash_0900160cb44f8993eb55a1b08f4f2cb46f79ba>
			<hash_09001682aa11b0167ca2e2edd6c0e6725abc6c>
				<name>Data Source [sinfMemComBytes]</name>
				<description></description>
				<column_name>task_item_id</column_name>
				<items>hash_00001678967bbbbe086b431eda5e8456ca9a2b|hash_0000161a280da024bd6dd255a4028a8a090bbe|hash_0000160e1c6611419bf95c1e55a35913d48d0e|hash_0000165d9345dec89b994e2c14cbe4a0133ce0</items>
			</hash_09001682aa11b0167ca2e2edd6c0e6725abc6c>
			<hash_090016ae8708b2c28ba95ad912730f2adf2c62>
				<name>Data Source [sinfMemAvailMB]</name>
				<description></description>
				<column_name>task_item_id</column_name>
				<items>hash_000016917e9a390542abe48badb78add9d2788|hash_000016f832dc23e6de2d6d005e70719e6ce6b5|hash_000016099b9d644dde99d503a980c0aee0b8e6|hash_00001692311768935c7ec7e5ff00a9dfeaf591</items>
			</hash_090016ae8708b2c28ba95ad912730f2adf2c62>
		</inputs>
	</hash_000016a685715cc39ded4bd336f8329f6970d5>
	<hash_000016b1e1c00a9e4ee316a5c684f13bb4551f>
		<name>W32 - Memory Statistics (Paging)</name>
		<graph>
			<t_title>on</t_title>
			<title>|host_description| Memory (Paging)</title>
			<t_image_format_id></t_image_format_id>
			<image_format_id>1</image_format_id>
			<t_height></t_height>
			<height>200</height>
			<t_width></t_width>
			<width>600</width>
			<t_slope_mode></t_slope_mode>
			<slope_mode>on</slope_mode>
			<t_auto_scale></t_auto_scale>
			<auto_scale>on</auto_scale>
			<t_auto_scale_opts></t_auto_scale_opts>
			<auto_scale_opts>2</auto_scale_opts>
			<t_auto_scale_log></t_auto_scale_log>
			<auto_scale_log></auto_scale_log>
			<t_scale_log_units></t_scale_log_units>
			<scale_log_units></scale_log_units>
			<t_auto_scale_rigid></t_auto_scale_rigid>
			<auto_scale_rigid></auto_scale_rigid>
			<t_auto_padding></t_auto_padding>
			<auto_padding>on</auto_padding>
			<t_export></t_export>
			<export>on</export>
			<t_upper_limit></t_upper_limit>
			<upper_limit>100</upper_limit>
			<t_lower_limit></t_lower_limit>
			<lower_limit>0</lower_limit>
			<t_base_value></t_base_value>
			<base_value>1000</base_value>
			<t_unit_value></t_unit_value>
			<unit_value></unit_value>
			<t_unit_exponent_value></t_unit_exponent_value>
			<unit_exponent_value></unit_exponent_value>
			<t_vertical_label></t_vertical_label>
			<vertical_label>Memory (Paging)</vertical_label>
		</graph>
		<items>
			<hash_100016e40303b4d2265236daecb1a6a968b180>
				<task_item_id>hash_080016a325d36713cf47863c98247e8af185aa</task_item_id>
				<color_id>FF0000</color_id>
				<alpha>FF</alpha>
				<graph_type_id>7</graph_type_id>
				<consolidation_function_id>1</consolidation_function_id>
				<cdef_id>0</cdef_id>
				<value></value>
				<gprint_id>hash_0600160fc59bce05cf15fda6352e4d6eb73599</gprint_id>
				<text_format>Page Faults/Sec (Hard/Soft):</text_format>
				<hard_return></hard_return>
				<sequence>1</sequence>
			</hash_100016e40303b4d2265236daecb1a6a968b180>
			<hash_1000160c2a54ddad0ba0aa91decf321814e9ba>
				<task_item_id>hash_080016a325d36713cf47863c98247e8af185aa</task_item_id>
				<color_id>0</color_id>
				<alpha>FF</alpha>
				<graph_type_id>9</graph_type_id>
				<consolidation_function_id>4</consolidation_function_id>
				<cdef_id>0</cdef_id>
				<value></value>
				<gprint_id>hash_0600160fc59bce05cf15fda6352e4d6eb73599</gprint_id>
				<text_format>Current:</text_format>
				<hard_return></hard_return>
				<sequence>2</sequence>
			</hash_1000160c2a54ddad0ba0aa91decf321814e9ba>
			<hash_100016d918720235cc450be791097306a178ab>
				<task_item_id>hash_080016a325d36713cf47863c98247e8af185aa</task_item_id>
				<color_id>0</color_id>
				<alpha>FF</alpha>
				<graph_type_id>9</graph_type_id>
				<consolidation_function_id>1</consolidation_function_id>
				<cdef_id>0</cdef_id>
				<value></value>
				<gprint_id>hash_0600160fc59bce05cf15fda6352e4d6eb73599</gprint_id>
				<text_format>Average:</text_format>
				<hard_return></hard_return>
				<sequence>3</sequence>
			</hash_100016d918720235cc450be791097306a178ab>
			<hash_1000168743bec276f8fa15272ad0eb23a3eacb>
				<task_item_id>hash_080016a325d36713cf47863c98247e8af185aa</task_item_id>
				<color_id>0</color_id>
				<alpha>FF</alpha>
				<graph_type_id>9</graph_type_id>
				<consolidation_function_id>3</consolidation_function_id>
				<cdef_id>0</cdef_id>
				<value></value>
				<gprint_id>hash_0600160fc59bce05cf15fda6352e4d6eb73599</gprint_id>
				<text_format>Maximum:</text_format>
				<hard_return>on</hard_return>
				<sequence>4</sequence>
			</hash_1000168743bec276f8fa15272ad0eb23a3eacb>
			<hash_100016357f3c83b7bfa67e92fbb807523faf36>
				<task_item_id>hash_08001605cd4abbb066c671f79169b3ed9f1b32</task_item_id>
				<color_id>00FF00</color_id>
				<alpha>FF</alpha>
				<graph_type_id>7</graph_type_id>
				<consolidation_function_id>1</consolidation_function_id>
				<cdef_id>0</cdef_id>
				<value></value>
				<gprint_id>hash_0600160fc59bce05cf15fda6352e4d6eb73599</gprint_id>
				<text_format>Pages Input/Sec:</text_format>
				<hard_return></hard_return>
				<sequence>5</sequence>
			</hash_100016357f3c83b7bfa67e92fbb807523faf36>
			<hash_10001625ec96592612662571391079af063c28>
				<task_item_id>hash_08001605cd4abbb066c671f79169b3ed9f1b32</task_item_id>
				<color_id>0</color_id>
				<alpha>FF</alpha>
				<graph_type_id>9</graph_type_id>
				<consolidation_function_id>4</consolidation_function_id>
				<cdef_id>0</cdef_id>
				<value></value>
				<gprint_id>hash_0600160fc59bce05cf15fda6352e4d6eb73599</gprint_id>
				<text_format>Current:</text_format>
				<hard_return></hard_return>
				<sequence>6</sequence>
			</hash_10001625ec96592612662571391079af063c28>
			<hash_10001614416071889217ded989c5cc28078b03>
				<task_item_id>hash_08001605cd4abbb066c671f79169b3ed9f1b32</task_item_id>
				<color_id>0</color_id>
				<alpha>FF</alpha>
				<graph_type_id>9</graph_type_id>
				<consolidation_function_id>1</consolidation_function_id>
				<cdef_id>0</cdef_id>
				<value></value>
				<gprint_id>hash_0600160fc59bce05cf15fda6352e4d6eb73599</gprint_id>
				<text_format>Average:</text_format>
				<hard_return></hard_return>
				<sequence>7</sequence>
			</hash_10001614416071889217ded989c5cc28078b03>
			<hash_10001664a8a9ce3d6958f110f37c8eb4b208f5>
				<task_item_id>hash_08001605cd4abbb066c671f79169b3ed9f1b32</task_item_id>
				<color_id>0</color_id>
				<alpha>FF</alpha>
				<graph_type_id>9</graph_type_id>
				<consolidation_function_id>3</consolidation_function_id>
				<cdef_id>0</cdef_id>
				<value></value>
				<gprint_id>hash_0600160fc59bce05cf15fda6352e4d6eb73599</gprint_id>
				<text_format>Maximum:</text_format>
				<hard_return>on</hard_return>
				<sequence>8</sequence>
			</hash_10001664a8a9ce3d6958f110f37c8eb4b208f5>
			<hash_10001665095030a09e030334114fce60deadfa>
				<task_item_id>hash_08001635dc7023c16de83e67e368d9795a42a1</task_item_id>
				<color_id>0000FF</color_id>
				<alpha>FF</alpha>
				<graph_type_id>8</graph_type_id>
				<consolidation_function_id>1</consolidation_function_id>
				<cdef_id>0</cdef_id>
				<value></value>
				<gprint_id>hash_0600160fc59bce05cf15fda6352e4d6eb73599</gprint_id>
				<text_format>Pages Output/Sec:</text_format>
				<hard_return></hard_return>
				<sequence>9</sequence>
			</hash_10001665095030a09e030334114fce60deadfa>
			<hash_100016b32f585dbdc513f71b58ee3393a774f6>
				<task_item_id>hash_08001635dc7023c16de83e67e368d9795a42a1</task_item_id>
				<color_id>0</color_id>
				<alpha>FF</alpha>
				<graph_type_id>9</graph_type_id>
				<consolidation_function_id>4</consolidation_function_id>
				<cdef_id>0</cdef_id>
				<value></value>
				<gprint_id>hash_0600160fc59bce05cf15fda6352e4d6eb73599</gprint_id>
				<text_format>Current:</text_format>
				<hard_return></hard_return>
				<sequence>10</sequence>
			</hash_100016b32f585dbdc513f71b58ee3393a774f6>
			<hash_1000165db74a5d5da154f4e6329a08805a2f9d>
				<task_item_id>hash_08001635dc7023c16de83e67e368d9795a42a1</task_item_id>
				<color_id>0</color_id>
				<alpha>FF</alpha>
				<graph_type_id>9</graph_type_id>
				<consolidation_function_id>1</consolidation_function_id>
				<cdef_id>0</cdef_id>
				<value></value>
				<gprint_id>hash_0600160fc59bce05cf15fda6352e4d6eb73599</gprint_id>
				<text_format>Average:</text_format>
				<hard_return></hard_return>
				<sequence>11</sequence>
			</hash_1000165db74a5d5da154f4e6329a08805a2f9d>
			<hash_100016e40398c3d59f0ba93d1f97f0e57a15af>
				<task_item_id>hash_08001635dc7023c16de83e67e368d9795a42a1</task_item_id>
				<color_id>0</color_id>
				<alpha>FF</alpha>
				<graph_type_id>9</graph_type_id>
				<consolidation_function_id>3</consolidation_function_id>
				<cdef_id>0</cdef_id>
				<value></value>
				<gprint_id>hash_0600160fc59bce05cf15fda6352e4d6eb73599</gprint_id>
				<text_format>Maximum:</text_format>
				<hard_return>on</hard_return>
				<sequence>12</sequence>
			</hash_100016e40398c3d59f0ba93d1f97f0e57a15af>
			<hash_100016d2c3686e31219be3837ba85e838ae378>
				<task_item_id>hash_0800162cd9602c32a185ce0c6d9166f8370a68</task_item_id>
				<color_id>FFFF00</color_id>
				<alpha>FF</alpha>
				<graph_type_id>4</graph_type_id>
				<consolidation_function_id>1</consolidation_function_id>
				<cdef_id>0</cdef_id>
				<value></value>
				<gprint_id>hash_0600160fc59bce05cf15fda6352e4d6eb73599</gprint_id>
				<text_format>Pages/Sec (Hard Page Faults):</text_format>
				<hard_return></hard_return>
				<sequence>13</sequence>
			</hash_100016d2c3686e31219be3837ba85e838ae378>
			<hash_100016034663e46244126930626c18feadcca9>
				<task_item_id>hash_0800162cd9602c32a185ce0c6d9166f8370a68</task_item_id>
				<color_id>0</color_id>
				<alpha>FF</alpha>
				<graph_type_id>9</graph_type_id>
				<consolidation_function_id>4</consolidation_function_id>
				<cdef_id>0</cdef_id>
				<value></value>
				<gprint_id>hash_0600160fc59bce05cf15fda6352e4d6eb73599</gprint_id>
				<text_format>Current:</text_format>
				<hard_return></hard_return>
				<sequence>14</sequence>
			</hash_100016034663e46244126930626c18feadcca9>
			<hash_100016e46929429e4ba4813a1d2a837485cde7>
				<task_item_id>hash_0800162cd9602c32a185ce0c6d9166f8370a68</task_item_id>
				<color_id>0</color_id>
				<alpha>FF</alpha>
				<graph_type_id>9</graph_type_id>
				<consolidation_function_id>1</consolidation_function_id>
				<cdef_id>0</cdef_id>
				<value></value>
				<gprint_id>hash_0600160fc59bce05cf15fda6352e4d6eb73599</gprint_id>
				<text_format>Average:</text_format>
				<hard_return></hard_return>
				<sequence>15</sequence>
			</hash_100016e46929429e4ba4813a1d2a837485cde7>
			<hash_100016e1335429da40b4cfceffa76d05b5df90>
				<task_item_id>hash_0800162cd9602c32a185ce0c6d9166f8370a68</task_item_id>
				<color_id>0</color_id>
				<alpha>FF</alpha>
				<graph_type_id>9</graph_type_id>
				<consolidation_function_id>3</consolidation_function_id>
				<cdef_id>0</cdef_id>
				<value></value>
				<gprint_id>hash_0600160fc59bce05cf15fda6352e4d6eb73599</gprint_id>
				<text_format>Maximum:</text_format>
				<hard_return>on</hard_return>
				<sequence>16</sequence>
			</hash_100016e1335429da40b4cfceffa76d05b5df90>
			<hash_1000163a3c8e45d2e34cc5b0978c0b41cb589f>
				<task_item_id>0</task_item_id>
				<color_id>3D168B</color_id>
				<alpha>FF</alpha>
				<graph_type_id>2</graph_type_id>
				<consolidation_function_id>1</consolidation_function_id>
				<cdef_id>0</cdef_id>
				<value>20</value>
				<gprint_id>hash_060016e9c43831e54eca8069317a2ce8c6f751</gprint_id>
				<text_format>Pages/Sec Threshold:</text_format>
				<hard_return></hard_return>
				<sequence>17</sequence>
			</hash_1000163a3c8e45d2e34cc5b0978c0b41cb589f>
		</items>
		<inputs>
			<hash_090016fdf810b53362cbe1d663ac4aceb64f48>
				<name>Data Source [sinfMemPagesPerSec]</name>
				<description></description>
				<column_name>task_item_id</column_name>
				<items>hash_000016d2c3686e31219be3837ba85e838ae378|hash_000016034663e46244126930626c18feadcca9|hash_000016e46929429e4ba4813a1d2a837485cde7|hash_000016e1335429da40b4cfceffa76d05b5df90</items>
			</hash_090016fdf810b53362cbe1d663ac4aceb64f48>
			<hash_090016e84577392aa4271dd9752e91d4daf500>
				<name>Data Source [sinfMemPageFaultsPS]</name>
				<description></description>
				<column_name>task_item_id</column_name>
				<items>hash_000016e40303b4d2265236daecb1a6a968b180|hash_0000160c2a54ddad0ba0aa91decf321814e9ba|hash_000016d918720235cc450be791097306a178ab|hash_0000168743bec276f8fa15272ad0eb23a3eacb</items>
			</hash_090016e84577392aa4271dd9752e91d4daf500>
			<hash_090016e90c0b0aed87da5c2596e18f368bc198>
				<name>Data Source [sinfMemPagesInputPS]</name>
				<description></description>
				<column_name>task_item_id</column_name>
				<items>hash_000016357f3c83b7bfa67e92fbb807523faf36|hash_00001625ec96592612662571391079af063c28|hash_00001614416071889217ded989c5cc28078b03|hash_00001664a8a9ce3d6958f110f37c8eb4b208f5</items>
			</hash_090016e90c0b0aed87da5c2596e18f368bc198>
			<hash_090016404efc3e6235dd0338274b6c456630d6>
				<name>Data Source [sinfMemPagesOutPS]</name>
				<description></description>
				<column_name>task_item_id</column_name>
				<items>hash_00001665095030a09e030334114fce60deadfa|hash_000016b32f585dbdc513f71b58ee3393a774f6|hash_0000165db74a5d5da154f4e6329a08805a2f9d|hash_000016e40398c3d59f0ba93d1f97f0e57a15af</items>
			</hash_090016404efc3e6235dd0338274b6c456630d6>
		</inputs>
	</hash_000016b1e1c00a9e4ee316a5c684f13bb4551f>
	<hash_010016c719e58e1f9eb4dde11f86ed92594a74>
		<name>W32 - Memory Stats</name>
		<ds>
			<t_name>on</t_name>
			<name>|host_description| - Memory Stats</name>
			<data_input_id>hash_030016bf566c869ac6443b0c75d1c32b5a350e</data_input_id>
			<t_rra_id></t_rra_id>
			<t_rrd_step></t_rrd_step>
			<rrd_step>300</rrd_step>
			<t_active></t_active>
			<active>on</active>
			<rra_items>hash_150016c21df5178e5c955013591239eb0afd46|hash_1500160d9c0af8b8acdc7807943937b3208e29|hash_1500166fc2d038fb42950138b0ce3e9874cc60|hash_150016e36f3adb9f152adfa5dc50fd2b23337e</rra_items>
		</ds>
		<items>
			<hash_0800162cd9602c32a185ce0c6d9166f8370a68>
				<t_data_source_name></t_data_source_name>
				<data_source_name>sinfMemPagesPerSec</data_source_name>
				<t_rrd_minimum></t_rrd_minimum>
				<rrd_minimum>0</rrd_minimum>
				<t_rrd_maximum></t_rrd_maximum>
				<rrd_maximum>0</rrd_maximum>
				<t_data_source_type_id></t_data_source_type_id>
				<data_source_type_id>1</data_source_type_id>
				<t_rrd_heartbeat></t_rrd_heartbeat>
				<rrd_heartbeat>600</rrd_heartbeat>
				<t_data_input_field_id></t_data_input_field_id>
				<data_input_field_id>0</data_input_field_id>
			</hash_0800162cd9602c32a185ce0c6d9166f8370a68>
			<hash_080016a325d36713cf47863c98247e8af185aa>
				<t_data_source_name></t_data_source_name>
				<data_source_name>sinfMemPageFaultsPS</data_source_name>
				<t_rrd_minimum></t_rrd_minimum>
				<rrd_minimum>0</rrd_minimum>
				<t_rrd_maximum></t_rrd_maximum>
				<rrd_maximum>0</rrd_maximum>
				<t_data_source_type_id></t_data_source_type_id>
				<data_source_type_id>1</data_source_type_id>
				<t_rrd_heartbeat></t_rrd_heartbeat>
				<rrd_heartbeat>600</rrd_heartbeat>
				<t_data_input_field_id></t_data_input_field_id>
				<data_input_field_id>0</data_input_field_id>
			</hash_080016a325d36713cf47863c98247e8af185aa>
			<hash_08001605cd4abbb066c671f79169b3ed9f1b32>
				<t_data_source_name></t_data_source_name>
				<data_source_name>sinfMemPagesInputPS</data_source_name>
				<t_rrd_minimum></t_rrd_minimum>
				<rrd_minimum>0</rrd_minimum>
				<t_rrd_maximum></t_rrd_maximum>
				<rrd_maximum>0</rrd_maximum>
				<t_data_source_type_id></t_data_source_type_id>
				<data_source_type_id>1</data_source_type_id>
				<t_rrd_heartbeat></t_rrd_heartbeat>
				<rrd_heartbeat>600</rrd_heartbeat>
				<t_data_input_field_id></t_data_input_field_id>
				<data_input_field_id>0</data_input_field_id>
			</hash_08001605cd4abbb066c671f79169b3ed9f1b32>
			<hash_08001635dc7023c16de83e67e368d9795a42a1>
				<t_data_source_name></t_data_source_name>
				<data_source_name>sinfMemPagesOutPS</data_source_name>
				<t_rrd_minimum></t_rrd_minimum>
				<rrd_minimum>0</rrd_minimum>
				<t_rrd_maximum></t_rrd_maximum>
				<rrd_maximum>0</rrd_maximum>
				<t_data_source_type_id></t_data_source_type_id>
				<data_source_type_id>1</data_source_type_id>
				<t_rrd_heartbeat></t_rrd_heartbeat>
				<rrd_heartbeat>600</rrd_heartbeat>
				<t_data_input_field_id></t_data_input_field_id>
				<data_input_field_id>0</data_input_field_id>
			</hash_08001635dc7023c16de83e67e368d9795a42a1>
			<hash_0800168fdba7964ba977410e5c7d21ee89dc7b>
				<t_data_source_name></t_data_source_name>
				<data_source_name>sinfMemComBytes</data_source_name>
				<t_rrd_minimum></t_rrd_minimum>
				<rrd_minimum>0</rrd_minimum>
				<t_rrd_maximum></t_rrd_maximum>
				<rrd_maximum>0</rrd_maximum>
				<t_data_source_type_id></t_data_source_type_id>
				<data_source_type_id>1</data_source_type_id>
				<t_rrd_heartbeat></t_rrd_heartbeat>
				<rrd_heartbeat>600</rrd_heartbeat>
				<t_data_input_field_id></t_data_input_field_id>
				<data_input_field_id>0</data_input_field_id>
			</hash_0800168fdba7964ba977410e5c7d21ee89dc7b>
			<hash_08001662724f2664e60e1d005032f5f0935f03>
				<t_data_source_name></t_data_source_name>
				<data_source_name>sinfMemPNonpagedByt</data_source_name>
				<t_rrd_minimum></t_rrd_minimum>
				<rrd_minimum>0</rrd_minimum>
				<t_rrd_maximum></t_rrd_maximum>
				<rrd_maximum>0</rrd_maximum>
				<t_data_source_type_id></t_data_source_type_id>
				<data_source_type_id>1</data_source_type_id>
				<t_rrd_heartbeat></t_rrd_heartbeat>
				<rrd_heartbeat>600</rrd_heartbeat>
				<t_data_input_field_id></t_data_input_field_id>
				<data_input_field_id>0</data_input_field_id>
			</hash_08001662724f2664e60e1d005032f5f0935f03>
			<hash_080016c483352c1e20ef5a776706e1219d5e98>
				<t_data_source_name></t_data_source_name>
				<data_source_name>sinfMemAvailBytes</data_source_name>
				<t_rrd_minimum></t_rrd_minimum>
				<rrd_minimum>0</rrd_minimum>
				<t_rrd_maximum></t_rrd_maximum>
				<rrd_maximum>0</rrd_maximum>
				<t_data_source_type_id></t_data_source_type_id>
				<data_source_type_id>1</data_source_type_id>
				<t_rrd_heartbeat></t_rrd_heartbeat>
				<rrd_heartbeat>600</rrd_heartbeat>
				<t_data_input_field_id></t_data_input_field_id>
				<data_input_field_id>0</data_input_field_id>
			</hash_080016c483352c1e20ef5a776706e1219d5e98>
			<hash_0800167a79e078d7ada819ba31a38c7c5a9494>
				<t_data_source_name></t_data_source_name>
				<data_source_name>sinfMemPPagedBytes</data_source_name>
				<t_rrd_minimum></t_rrd_minimum>
				<rrd_minimum>0</rrd_minimum>
				<t_rrd_maximum></t_rrd_maximum>
				<rrd_maximum>0</rrd_maximum>
				<t_data_source_type_id></t_data_source_type_id>
				<data_source_type_id>1</data_source_type_id>
				<t_rrd_heartbeat></t_rrd_heartbeat>
				<rrd_heartbeat>600</rrd_heartbeat>
				<t_data_input_field_id></t_data_input_field_id>
				<data_input_field_id>0</data_input_field_id>
			</hash_0800167a79e078d7ada819ba31a38c7c5a9494>
			<hash_08001650bccc8795800bc150734c5d339ab5bc>
				<t_data_source_name></t_data_source_name>
				<data_source_name>sinfMemPPagedResByt</data_source_name>
				<t_rrd_minimum></t_rrd_minimum>
				<rrd_minimum>0</rrd_minimum>
				<t_rrd_maximum></t_rrd_maximum>
				<rrd_maximum>0</rrd_maximum>
				<t_data_source_type_id></t_data_source_type_id>
				<data_source_type_id>1</data_source_type_id>
				<t_rrd_heartbeat></t_rrd_heartbeat>
				<rrd_heartbeat>600</rrd_heartbeat>
				<t_data_input_field_id></t_data_input_field_id>
				<data_input_field_id>0</data_input_field_id>
			</hash_08001650bccc8795800bc150734c5d339ab5bc>
			<hash_080016339309d060537591976905907ac2174a>
				<t_data_source_name></t_data_source_name>
				<data_source_name>sinfMemSysCodeResB</data_source_name>
				<t_rrd_minimum></t_rrd_minimum>
				<rrd_minimum>0</rrd_minimum>
				<t_rrd_maximum></t_rrd_maximum>
				<rrd_maximum>0</rrd_maximum>
				<t_data_source_type_id></t_data_source_type_id>
				<data_source_type_id>1</data_source_type_id>
				<t_rrd_heartbeat></t_rrd_heartbeat>
				<rrd_heartbeat>600</rrd_heartbeat>
				<t_data_input_field_id></t_data_input_field_id>
				<data_input_field_id>0</data_input_field_id>
			</hash_080016339309d060537591976905907ac2174a>
			<hash_0800168a296b2afe31136ebf1e9966e789518f>
				<t_data_source_name></t_data_source_name>
				<data_source_name>sinfMemSysCodeTotB</data_source_name>
				<t_rrd_minimum></t_rrd_minimum>
				<rrd_minimum>0</rrd_minimum>
				<t_rrd_maximum></t_rrd_maximum>
				<rrd_maximum>0</rrd_maximum>
				<t_data_source_type_id></t_data_source_type_id>
				<data_source_type_id>1</data_source_type_id>
				<t_rrd_heartbeat></t_rrd_heartbeat>
				<rrd_heartbeat>600</rrd_heartbeat>
				<t_data_input_field_id></t_data_input_field_id>
				<data_input_field_id>0</data_input_field_id>
			</hash_0800168a296b2afe31136ebf1e9966e789518f>
			<hash_0800169c3c63e7690862f4e4a458f4142f22de>
				<t_data_source_name></t_data_source_name>
				<data_source_name>sinfMemSysCacheResB</data_source_name>
				<t_rrd_minimum></t_rrd_minimum>
				<rrd_minimum>0</rrd_minimum>
				<t_rrd_maximum></t_rrd_maximum>
				<rrd_maximum>0</rrd_maximum>
				<t_data_source_type_id></t_data_source_type_id>
				<data_source_type_id>1</data_source_type_id>
				<t_rrd_heartbeat></t_rrd_heartbeat>
				<rrd_heartbeat>600</rrd_heartbeat>
				<t_data_input_field_id></t_data_input_field_id>
				<data_input_field_id>0</data_input_field_id>
			</hash_0800169c3c63e7690862f4e4a458f4142f22de>
			<hash_0800167b25d41ffdd1f370c1c86d2592796332>
				<t_data_source_name></t_data_source_name>
				<data_source_name>sinfMemCacheBytesPk</data_source_name>
				<t_rrd_minimum></t_rrd_minimum>
				<rrd_minimum>0</rrd_minimum>
				<t_rrd_maximum></t_rrd_maximum>
				<rrd_maximum>0</rrd_maximum>
				<t_data_source_type_id></t_data_source_type_id>
				<data_source_type_id>1</data_source_type_id>
				<t_rrd_heartbeat></t_rrd_heartbeat>
				<rrd_heartbeat>600</rrd_heartbeat>
				<t_data_input_field_id></t_data_input_field_id>
				<data_input_field_id>0</data_input_field_id>
			</hash_0800167b25d41ffdd1f370c1c86d2592796332>
			<hash_0800166b46a107c47bc9e73b19f53f31cc839d>
				<t_data_source_name></t_data_source_name>
				<data_source_name>sinfMemSysDrvResB</data_source_name>
				<t_rrd_minimum></t_rrd_minimum>
				<rrd_minimum>0</rrd_minimum>
				<t_rrd_maximum></t_rrd_maximum>
				<rrd_maximum>0</rrd_maximum>
				<t_data_source_type_id></t_data_source_type_id>
				<data_source_type_id>1</data_source_type_id>
				<t_rrd_heartbeat></t_rrd_heartbeat>
				<rrd_heartbeat>600</rrd_heartbeat>
				<t_data_input_field_id></t_data_input_field_id>
				<data_input_field_id>0</data_input_field_id>
			</hash_0800166b46a107c47bc9e73b19f53f31cc839d>
			<hash_080016a4fa65d299d9dc6d6868940fb73df0fe>
				<t_data_source_name></t_data_source_name>
				<data_source_name>sinfMemSysDrvTotB</data_source_name>
				<t_rrd_minimum></t_rrd_minimum>
				<rrd_minimum>0</rrd_minimum>
				<t_rrd_maximum></t_rrd_maximum>
				<rrd_maximum>0</rrd_maximum>
				<t_data_source_type_id></t_data_source_type_id>
				<data_source_type_id>1</data_source_type_id>
				<t_rrd_heartbeat></t_rrd_heartbeat>
				<rrd_heartbeat>600</rrd_heartbeat>
				<t_data_input_field_id></t_data_input_field_id>
				<data_input_field_id>0</data_input_field_id>
			</hash_080016a4fa65d299d9dc6d6868940fb73df0fe>
		</items>
		<data>
			<item_000>
				<data_input_field_id>hash_0700165240353b8f7f259acaf30e6229bc14e7</data_input_field_id>
				<t_value></t_value>
				<value></value>
			</item_000>
			<item_001>
				<data_input_field_id>hash_0700163a33d4fc65b8329ab2ac46a36da26b72</data_input_field_id>
				<t_value></t_value>
				<value></value>
			</item_001>
			<item_002>
				<data_input_field_id>hash_0700166b13ac0a0194e171d241d4b06f913158</data_input_field_id>
				<t_value></t_value>
				<value></value>
			</item_002>
			<item_003>
				<data_input_field_id>hash_0700162cf7129ad3ff819a7a7ac189bee48ce8</data_input_field_id>
				<t_value></t_value>
				<value></value>
			</item_003>
			<item_004>
				<data_input_field_id>hash_070016c1f36ee60c3dc98945556d57f26e475b</data_input_field_id>
				<t_value></t_value>
				<value></value>
			</item_004>
			<item_005>
				<data_input_field_id>hash_070016e6deda7be0f391399c5130e7c4a48b28</data_input_field_id>
				<t_value>on</t_value>
				<value></value>
			</item_005>
			<item_006>
				<data_input_field_id>hash_070016cbbe5c1ddfb264a6e5d509ce1c78c95f</data_input_field_id>
				<t_value>on</t_value>
				<value></value>
			</item_006>
			<item_007>
				<data_input_field_id>hash_0700166027a919c7c7731fbe095b6f53ab127b</data_input_field_id>
				<t_value>on</t_value>
				<value></value>
			</item_007>
			<item_008>
				<data_input_field_id>hash_070016b5c23f246559df38662c255f4aa21d6b</data_input_field_id>
				<t_value></t_value>
				<value></value>
			</item_008>
			<item_009>
				<data_input_field_id>hash_0700161cc1493a6781af2c478fa4de971531cf</data_input_field_id>
				<t_value></t_value>
				<value></value>
			</item_009>
			<item_010>
				<data_input_field_id>hash_070016f4facc5e2ca7ebee621f09bc6d9fc792</data_input_field_id>
				<t_value></t_value>
				<value></value>
			</item_010>
			<item_011>
				<data_input_field_id>hash_070016acb449d1451e8a2a655c2c99d31142c7</data_input_field_id>
				<t_value></t_value>
				<value></value>
			</item_011>
			<item_012>
				<data_input_field_id>hash_070016617cdc8a230615e59f06f361ef6e7728</data_input_field_id>
				<t_value></t_value>
				<value></value>
			</item_012>
		</data>
	</hash_010016c719e58e1f9eb4dde11f86ed92594a74>
	<hash_150016c21df5178e5c955013591239eb0afd46>
		<name>Daily (5 Minute Average)</name>
		<x_files_factor>0.5</x_files_factor>
		<steps>1</steps>
		<rows>600</rows>
		<timespan>86400</timespan>
		<cf_items>1|3</cf_items>
	</hash_150016c21df5178e5c955013591239eb0afd46>
	<hash_1500160d9c0af8b8acdc7807943937b3208e29>
		<name>Weekly (30 Minute Average)</name>
		<x_files_factor>0.5</x_files_factor>
		<steps>6</steps>
		<rows>700</rows>
		<timespan>604800</timespan>
		<cf_items>1|3</cf_items>
	</hash_1500160d9c0af8b8acdc7807943937b3208e29>
	<hash_1500166fc2d038fb42950138b0ce3e9874cc60>
		<name>Monthly (2 Hour Average)</name>
		<x_files_factor>0.5</x_files_factor>
		<steps>24</steps>
		<rows>775</rows>
		<timespan>2678400</timespan>
		<cf_items>1|3</cf_items>
	</hash_1500166fc2d038fb42950138b0ce3e9874cc60>
	<hash_150016e36f3adb9f152adfa5dc50fd2b23337e>
		<name>Yearly (1 Day Average)</name>
		<x_files_factor>0.5</x_files_factor>
		<steps>288</steps>
		<rows>797</rows>
		<timespan>33053184</timespan>
		<cf_items>1|3</cf_items>
	</hash_150016e36f3adb9f152adfa5dc50fd2b23337e>
	<hash_060016e9c43831e54eca8069317a2ce8c6f751>
		<name>Normal</name>
		<gprint_text>%8.2lf %s</gprint_text>
	</hash_060016e9c43831e54eca8069317a2ce8c6f751>
	<hash_0600160fc59bce05cf15fda6352e4d6eb73599>
		<name>Decimals</name>
		<gprint_text>%8.3lf</gprint_text>
	</hash_0600160fc59bce05cf15fda6352e4d6eb73599>
</cacti>